last_name, first_name,pitch_hand,active_spin_fourseam,active_spin_sinker,active_spin_cutter,active_spin_changeup,active_spin_fastball,active_spin_slider,active_spin_curve
Bleier, Richard,L,,79,22.4,,,40.7,
Britton, Zack,L,,77,,,,53,
Manaea, Sean,L,,90.4,,79.6,,,28.7
Moll, Sam,L,,73.2,,,,48.2,
Tate, Dillon,R,,91.5,19.6,95.2,,,
Kolarek, Adam,L,,88,,88.4,,47.5,
Wade, Konner,R,,92.2,50.4,100,,,
Rodriguez, Chris,R,,99.6,,93.5,,28.6,69.2
Loup, Aaron,L,,96.9,10.5,89.3,,,84.7
Lucchesi, Joey,L,,92.8,79.9,,,,26.2
Reed, Jake,R,,85.3,,,,47.1,
Abad, Fernando,L,,88.1,,84.1,,,59.6
Holmes, Clay,R,,81.1,,,,21.5,75.4
Castro, Miguel,R,,95.9,,98.1,,50.9,
Finnegan, Kyle,R,,95.3,,,,36.7,
Suero, Wander,R,,,59.4,63.4,,,71.6
Avilán, Luis,L,,90.9,,70,,,
Thompson, Mason,R,,88.4,,,,31.8,
Clay, Sam,L,,87.9,,81.5,,58.8,
Harris, Will,R,,,61.4,,,,87.8
Alexander, Scott,L,,73.2,,82.4,,34.2,
Valdez, Phillips,R,,91.3,,86.9,,30.9,
Uceta, Edwin,R,,93.5,,93,,,34.3
Bruihl, Justin,L,,72.8,35,,,63.7,
Barnes, Charlie,L,,87.3,,89.5,,25.8,
Greene, Shane,R,,91.7,42.1,74.1,,67.1,
Dobnak, Randy,R,,86.2,,94.2,,17.1,
Jansen, Kenley,R,,94.1,82.1,,,46.4,
Graterol, Brusdar,R,,85.6,30.5,,,47,
Davies, Zach,R,,94.1,62.5,79.7,,,67.5
De León, José,R,,93.4,,87.3,,72.1,
Rogers, Taylor,L,,96.5,,,,49.4,
Bender, Anthony,R,,80.4,,,,46.6,
Kintzler, Brandon,R,,96.5,,94.6,,15,
Sampson, Adrian,R,,92,,89,,38.8,
Crouse, Hans,R,,95.8,,85.2,,26.4,
González, Victor,L,,94.8,,,,14.2,
Pop, Zach,R,,87.8,,,,34.2,
Sánchez, Cristopher,L,,97.3,,86.2,,11.9,
Emanuel, Kent,L,,92.5,,86.2,,66.9,
McCullers Jr., Lance,R,,73.7,29.5,94.9,,62.6,73.4
Scrubb, Andre,R,,,70,,,,91.7
Stewart, Kohl,R,,74.3,33.6,,,,
Hader, Josh,L,,100,,87.6,,20.9,
Santana, Edgar,R,,83.1,,,,15.1,
Garcia, Bryan,R,,89.8,,92.6,,28,
Antone, Tejay,R,,85.8,,,,54,94.2
Lawrence, Justin,R,,88.6,,,,67.9,
Bummer, Aaron,L,,82.4,11.9,,,87.6,
Mazza, Chris,R,,99.1,34.2,,,57.2,
Chavez, Jesse,R,,93.5,57.6,86.3,,35,
Clase, Emmanuel,R,,,49,,,33.5,
Fry, Jace,L,,80.9,21.7,,,,55.3
Osich, Josh,L,,,24.9,87.7,,,
Rowen, Ben,R,,73.5,,,,79.7,
Petricka, Jake,R,,100,,77.8,,,
Robertson, David,R,,,79.5,,,57.2,63.1
Cousins, Jake,R,,93.5,,,,39.8,
Yarbrough, Ryan,L,,90,28.9,85.6,,,69.7
Diaz, Jhonathan,L,,83.8,,83.8,,68,
Sherriff, Ryan,L,,96.5,,,,52.1,
Yardley, Eric,R,,94.3,,85.4,,,73.3
Reed, Cody,L,,96.6,,,,28.4,
Hudson, Dakota,R,,77,,,,26.5,44.5
Hoyt, James,R,,92.6,,,,8.9,
Anderson, Brett,L,,93.1,42.1,88.6,,42.1,71.8
Elledge, Seth,R,,89.5,,,,45.1,
Fernández, Junior,R,,90.4,,73,,34.1,
Fleming, Josh,L,,99.6,29,75.1,,,46.9
Milner, Hoby,L,,85.9,,87.5,,,81.6
McFarland, T.J.,L,,89.9,,86.1,,33.9,
Dunning, Dane,R,,79.5,28.5,92.6,,43,90.1
Hicks, Jordan,R,,98.2,29,,,42.6,
King, John,L,,82.9,34.8,79.4,,47.2,
Romano, Sal,R,,88.7,,,,21.1,50.5
Poppen, Sean,R,,82.5,,96.5,,75.7,
García, Luis,R,,87.3,,,,26.2,
Smith, Riley,R,,83.5,26.5,94.3,,20.9,67
Wood, Alex,L,,94.9,,80.3,,31.1,
Doval, Camilo,R,,,60,,,35.8,
Crichton, Stefan,R,,98.2,,,,,69.6
de Geus, Brett,R,,89.3,28.1,,,,77.4
Weber, Ryan,R,,94.6,,,,,83.4
Luetge, Lucas,L,,,36.2,,,43.5,91.8
Sheffield, Justus,L,,82.6,,67.7,,38.9,
McCaughan, Darren,R,,74.3,,72.9,,31.7,
Sadler, Casey,R,,89.7,28.2,,,,70.7
Peacock, Matt,R,,90.8,,94.2,,7.4,
Arrieta, Jake,R,,89.5,,89.5,,33.7,75.4
Stammen, Craig,R,,86,42.1,,,,69.8
Dolis, Rafael,R,,95.9,,,,37.5,
Matz, Steven,L,,94,,76.4,,26.5,78.8
Ramirez, Nick,L,,94.8,47.2,86.5,,26.4,
Zeuch, T.J.,R,,91,30.5,81.8,,18.2,
Mayza, Tim,L,,96.2,,,,14.9,
Borucki, Ryan,L,,97,,86.5,,17.5,
Baragar, Caleb,L,99.8,,,,,36.1,
Smith, Caleb,L,99.7,,,94.7,,33.3,48.2
Evans, Demarcus,R,99.2,,53.2,,,,25
Kazmir, Scott,L,99.1,,,85,,36.3,
Cotton, Jharel,R,99,,,67.3,,45.1,69
Falter, Bailey,L,98.7,99.4,,89.5,,31.8,
Cole, Gerrit,R,98.7,100,,98.5,,27,74.8
Mahle, Tyler,R,98.2,,36.8,,,31.1,
Bowden, Ben,L,98.1,,,90.4,,16.6,
García, Deivi,R,98,,,91.4,,57.6,82.2
Benjamin, Wes,L,97.5,,27.4,85.7,,,71.5
Heaney, Andrew,L,97.3,,,89.6,,,39.2
Robles, Hansel,R,97.2,,,92.4,,21.5,
Urquidy, José,R,97.2,,,92.5,,60.5,77.9
Springs, Jeffrey,L,96.9,,,91.2,,28.3,
Stephenson, Robert,R,96.7,,,,,35.6,61.3
Canning, Griffin,R,96.5,,,100,,14.2,50.7
García, Jarlín,L,96.5,,,91.3,,29.8,
Hoffman, Jeff,R,96.4,,,90.5,,39.8,80.2
Odorizzi, Jake,R,96.3,,50,,,36.8,54.5
Richards, Trevor,R,96.3,,,79,,,21.9
Vesia, Alex,L,96.2,,,87.5,,37.7,
Bergen, Travis,L,96.2,,,,,,39.8
Stashak, Cody,R,96.2,,,,,42.4,
Morgan, Eli,R,96.1,,,71.9,,32.7,60.2
Webb, Jacob,R,96.1,,,87.6,,,72.1
Gray, Josiah,R,96.1,,,90.9,,21.5,24.7
Bauer, Trevor,R,96,94.9,25.9,93.4,,75.2,97.3
Gose, Anthony,L,95.9,,,,,46.8,
Swanson, Erik,R,95.7,,,,,42,
Williams, Devin,R,95.5,,,79.6,,,
Akin, Keegan,L,95.5,,,83.2,,26.8,39.1
Perez, Francisco,L,95.4,,,,,27.2,
Kowar, Jackson,R,95.4,,,78.1,,32.4,
Barnes, Matt,R,95.4,,,90,,,59.4
Buchter, Ryan,L,95.4,,39.1,,,,81.5
Diaz, Miguel,R,95.3,,,94.8,,,
Abreu, Albert,R,95.2,100,,98.3,,20.7,
Cobb, Alex,R,95.2,96.8,,,,,58.7
Gomber, Austin,L,95,,,80.8,,30,88.9
Ponce de Leon, Daniel,R,95,,49.6,92.4,,,70.2
Guerra, Deolis,R,94.9,97.7,,79,,34,88.4
Fiers, Mike,R,94.9,94.2,,,,51.6,
Cabrera, Génesis,L,94.9,96.7,,87.9,,,72.6
Feyereisen, J.P.,R,94.8,,,85.4,,26.3,
Bieber, Shane,R,94.7,,42.1,90.1,,14.2,78.1
Conley, Adam,L,94.6,,,91.2,,16.6,
Eickhoff, Jerad,R,94.5,,,79.9,,23.2,57.3
Whitley, Kodi,R,94.4,,,92.9,,32,
Banda, Anthony,L,94.4,,,85.3,,,64.4
Greene, Conner,R,94.4,100,,90.4,,20.7,48.8
Doolittle, Sean,L,94.4,,,,,27.8,36.7
Wacha, Michael,R,94.3,98.9,45.5,92.7,,,73.1
Lauer, Eric,L,94.3,,58.3,94.6,,27.9,45.7
Luzardo, Jesús,L,94.3,99.8,,90.2,,,11
Kopech, Michael,R,94.3,,,87.6,,45.4,59.2
Jax, Griffin,R,94.3,,,87.7,,53.8,71.8
Howard, Sam,L,94.3,,,,,22.2,
Hill, Tim,L,94.3,93.6,,,,19.6,
Hill, Rich,L,94.2,87.9,42.4,89.1,,94.4,100
Kennedy, Ian,R,94.2,,33.4,90.5,,,71.6
Weems, Jordan,R,94,,,,,29,
Baz, Shane,R,94,,,,,16.4,80.1
Johnson, Pierce,R,93.9,,,,,,55.9
Sborz, Josh,R,93.9,,,,,10.2,80.7
Means, John,L,93.8,,,92.7,,39.7,73
Hammer, JD,R,93.7,,,,,30.8,
Santiago, Héctor,L,93.6,,,86.5,,22.2,
Burrows, Beau,R,93.6,,,87.2,,19,
Archer, Chris,R,93.6,,,85.3,,28.1,
Paddack, Chris,R,93.5,,,79.4,,,93.3
Pivetta, Nick,R,93.5,,,87,,29.6,95.1
Walker, Taijuan,R,93.5,100,,,,31.8,72.8
Diekman, Jake,L,93.4,95.2,,,,58,
Wilson, Justin,L,93.4,,52.8,,,37,
Dunn, Justin,R,93.4,,,,,35.3,73.2
Giolito, Lucas,R,93.3,,,87.6,,25.8,64.5
Ellis, Chris,R,93.3,,,94.5,,22,48.4
Steckenrider, Drew,R,93.3,,,86.4,,,36.1
Solomon, Peter,R,93.3,,23.6,,,,90.6
Barlow, Joe,R,93.2,,,,,35.7,52.4
Mears, Nick,R,93.2,,,,,,65.7
Heasley, Jon,R,93.1,,,80.9,,,67.5
Smyly, Drew,L,93.1,,54.2,,,,19.5
Moore, Matt,L,93,,63.8,91.4,,,54.7
Harvey, Hunter,R,92.9,,,,,,70.4
Rodríguez, Richard,R,92.8,,,,,52,
Anderson, Tyler,L,92.8,94.9,40.6,89.8,,,
Acevedo, Domingo,R,92.8,,,98.9,,39.8,
Mejía, Humberto,R,92.8,97.6,,82.8,,27.1,
Dayton, Grant,L,92.8,,,,,,65
Milone, Tommy,L,92.7,,,85.7,,27,32.5
Wisler, Matt,R,92.7,,,,,46.2,
Plesac, Zach,R,92.7,,,85.5,,36.9,42.8
Heuer, Codi,R,92.6,,,84.7,,26.8,
McKenzie, Triston,R,92.5,,,93.8,,32,59.2
Hembree, Heath,R,92.5,,,,,47.5,
Brebbia, John,R,92.4,,,,,37.6,
Clippard, Tyler,R,92.4,93.2,,90.1,,,55.7
Nola, Aaron,R,92.4,96.1,30.6,88.5,,,84.8
Albers, Andrew,L,92.3,96.6,,82.3,,22.9,66.6
Rogers, Josh,L,92.3,,,81.3,,16,
Brothers, Rex,L,92.3,,,,,12,
Mayers, Mike,R,92.3,,51.2,,,18,
Brogdon, Connor,R,92.2,,56.2,94.1,,,
Lowther, Zac,L,92.1,,,87.5,,61.4,92.6
Gallegos, Giovanny,R,92.1,,,92.4,,12.2,
Nelson, Nick,R,92.1,,,88.6,,48.2,
Stanek, Ryne,R,92,,,,,17.8,
Sulser, Cole,R,92,,,78.7,,28.4,87.2
Jackson, Andre,R,92,,,80.3,,42.1,
Duffy, Danny,L,91.9,96.3,,89,,37.9,86.2
Ynoa, Huascar,R,91.9,99.2,,90.7,,29.7,
Alexy, A.J.,R,91.8,,,75.9,,39.9,96.7
Hendriks, Liam,R,91.7,,,,,16.3,54.6
Foster, Matt,R,91.7,,65.6,81.2,,26.7,
Wells, Alexander,L,91.7,,,90.4,,14.5,74.8
Eovaldi, Nathan,R,91.7,,51.4,,,31.3,74.7
Tapia, Domingo,R,91.6,97.2,,91.5,,26.8,
Ríos, Yacksel,R,91.6,97.3,,,,26.5,
Overton, Connor,R,91.6,94.2,,93.5,,11.8,
McGee, Jake,L,91.6,,,,,16.7,
Farmer, Buck,R,91.5,,,88.8,,12.2,
Detwiler, Ross,L,91.4,96.9,22.4,83.3,,,53
Hudson, Daniel,R,91.4,,,93.1,,22.9,
Kela, Keone,R,91.4,,,,,,45.4
Gant, John,R,91.2,94.9,25.4,78.4,,30,76.2
Pearson, Nate,R,91.2,,,,,29.7,
McClanahan, Shane,L,91.2,,,100,,22.7,61.1
Jackson, Luke,R,91.2,,,,,36.1,70.4
Rainey, Tanner,R,91.1,,,,,20.6,
Gonzales, Marco,L,91,94.8,60.4,86.3,,,72.5
Anderson, Drew,R,91,,,98.7,,20.7,76.5
Faria, Jake,R,91,,,,,19.7,91.4
Kremer, Dean,R,91,,40.2,86.7,,,90.8
Alcala, Jorge,R,91,97.2,,93.8,,24.4,
Gausman, Kevin,R,91,,,83.1,,14.5,
De Los Santos, Enyel,R,90.8,,,95,,13.3,
Miller, Shelby,R,90.8,,30,,,83.9,
Wells, Tyler,R,90.8,99.4,,95,,36.4,52.7
Abbott, Cory,R,90.8,,,85.9,,35.8,59.9
Pérez, Martín,L,90.7,97.7,47.2,89.3,,,39.1
Díaz, Edwin,R,90.6,,,,,23.3,
Long, Sam,L,90.6,,,80.5,,,70.7
Baldonado, Alberto,L,90.5,,,,,36.3,
Shreve, Chasen,L,90.4,,,,,39.8,
Holland, Derek,L,90.3,98.8,,89.3,,,19.5
Anderson, Ian,R,90.3,,,83.2,,,41.3
Mills, Wyatt,R,90.3,96,,,,27.8,
Harvey, Matt,R,90.2,98.7,,94.5,,26.5,67.6
Kikuchi, Yusei,L,90.2,,40.2,67.9,,25.2,
Gray, Jon,R,90.1,,,88.6,,21.2,75.7
Kriske, Brooks,R,90,,,,,,
Feliz, Michael,R,90,,,90.3,,37.4,
Howard, Spencer,R,90,100,34.9,85.3,,55.4,96.4
Devenski, Chris,R,89.9,,,83.9,,45.7,
Weathers, Ryan,L,89.9,97.8,,83.5,,25.4,
Whitlock, Garrett,R,89.9,97.9,,85.2,,25.3,
Phelps, David,R,89.9,100,64.1,,,,45.6
Megill, Tylor,R,89.8,,,87.6,,18.7,52
Clarke, Taylor,R,89.8,,,88.9,,20.8,
Rodón, Carlos,L,89.8,,,91.8,,41.6,54
Sims, Lucas,R,89.7,,,,,37.9,51.9
Patton, Spencer,R,89.7,,,,,64.7,
Lyles, Jordan,R,89.7,86.2,28.5,91.2,,47.7,79.4
Irvin, Cole,L,89.7,94.8,,82.7,,17.6,41.9
Detmers, Reid,L,89.6,,,,,22.8,91.7
Lambert, Jimmy,R,89.6,,,87.9,,37.8,
Snell, Blake,L,89.5,,,84.8,,23.8,83.4
Littell, Zack,R,89.5,,,,,31.6,
Bednar, David,R,89.5,,,,,,76.2
Jiménez, Joe,R,89.5,,,86.3,,22.1,
Neidert, Nick,R,89.5,,,92.3,,30.8,82.2
Ginkel, Kevin,R,89.4,,,,,28.3,
López, Reynaldo,R,89.4,,,82.9,,33.5,64.5
Coonrod, Sam,R,89.4,96.7,,86.6,,30.5,
Foltynewicz, Mike,R,89.4,96.3,,93.2,,28.6,51.1
Krehbiel, Joey,R,89.3,,37.6,82.9,,,
Thorpe, Lewis,L,89.3,,,86,,32,86.2
Cueto, Johnny,R,89.3,92.8,,73,,28.2,23.5
Estévez, Carlos,R,89.1,,,81.3,,29.3,
Duplantier, Jon,R,89.1,98.1,,92.8,,37,48.6
Bettinger, Alec,R,89,,,,,,79.1
Bass, Anthony,R,89,98.9,,,,31.1,
Merryweather, Julian,R,88.9,,,81.2,,13.5,93.8
Lange, Alex,R,88.8,,,93.6,,46.9,
Cortes, Nestor,L,88.8,87,36.5,86.3,,66.6,
Anderson, Nick,R,88.7,,,,,,18
Nolin, Sean,L,88.7,,31.9,90.9,,,86.2
Jefferies, Daulton,R,88.7,100,49.1,87,,,31.4
Darvish, Yu,R,88.7,90,27.9,,,73.5,80.6
Goudeau, Ashton,R,88.7,,,82.9,,,82.8
Espino, Paolo,R,88.6,,,75.2,,79.3,100
Kranick, Max,R,88.6,,,88.3,,39.4,46.9
López, Jorge,R,88.6,98.4,,90,,25,69.2
Javier, Cristian,R,88.6,,,88.9,,54.3,77.9
Vest, Will,R,88.5,,,85.7,,41.7,
Hernández, Carlos,R,88.5,,,,,23.9,59.9
DeSclafani, Anthony,R,88.5,94.3,,91.9,,29.3,51.3
Keller, Kyle,R,88.4,,,,,,47.7
Warren, Austin,R,88.4,96,,,,24.3,
Guerra, Javy,R,88.4,,,,,43.6,
Cabrera, Edward,R,88.4,,,96.2,,25.8,48.8
Thielbar, Caleb,L,88.3,,,,,67.2,93.9
Ray, Robbie,L,88.3,,,87,,30.6,13.8
Plutko, Adam,R,88.2,,44.7,,,28.6,70.4
Wieck, Brad,L,88.2,,,,,,92.5
Green, Chad,R,88.1,,,,,,45.8
Allard, Kolby,L,88.1,,26.9,91.2,,,59.3
Lugo, Seth,R,88.1,94.7,,86.4,,29.8,93.6
Abreu, Bryan,R,88.1,,,,,26.9,61.8
Anderson, Chase,R,88.1,98.7,40,98.9,,,85.4
Santillan, Tony,R,88,,,79.8,,62.4,
Brice, Austin,R,88,94.4,,,,,36.8
Ruiz, José,R,87.9,,,83.7,,,36.2
Iglesias, Raisel,R,87.9,91.3,,90.4,,42.9,
Severino, Luis,R,87.8,,,94.8,,45.4,
Gilbert, Logan,R,87.8,,,80.1,,37,53.2
Santos, Antonio,R,87.7,,,87.3,,,38.9
Weaver, Luke,R,87.7,,46.5,86.7,,,45.3
Staumont, Josh,R,87.7,90.2,,,,,78.2
Meisinger, Ryan,R,87.7,91.1,,,,20.2,
Hand, Brad,L,87.7,93.1,,,,80.6,
Smith, Will,L,87.7,,,,,32,63.5
Bradley, Archie,R,87.6,96.1,,85.9,,,71.6
Sawamura, Hirokazu,R,87.6,,,,,33.1,
Oviedo, Luis,R,87.6,,,88.1,,35,95.2
Arihara, Kohei,R,87.6,97,38.5,86.1,,30.3,
Peralta, Wily,R,87.5,94.8,,,,14.3,
Romano, Jordan,R,87.4,,,,,25.3,
deGrom, Jacob,R,87.4,,,82.7,,25.9,
Margevicius, Nick,L,87.4,,,,,,70.1
Bundy, Dylan,R,87.4,93.3,,87.6,,28.9,79.7
Colomé, Alex,R,87.3,,35,,,,
Zuber, Tyler,R,87.3,,,77.6,,41.3,74.6
Middleton, Keynan,R,87.3,,,76.1,,21.6,
Tepera, Ryan,R,87.2,94.3,,74.3,,25.5,
Gibaut, Ian,R,87.2,,,81.7,,27,
Krol, Ian,L,87.1,94.5,,83.8,,25.9,84.3
Peralta, Wandy,L,87.1,95.8,,86.9,,19.4,
Quantrill, Cal,R,87.1,95.9,28.9,83.5,,21,27.6
Scherzer, Max,R,87.1,,38,90.9,,23.2,72
Mize, Casey,R,87.1,94.6,,,,22.2,71.8
Gonsolin, Tony,R,87.1,,,,,27.1,74.2
Stripling, Ross,R,87,,,73.8,,32.1,69
Guerra, Junior,R,87,95.3,,,,33.2,53
Tomlin, Josh,R,87,,46.2,,,,42.2
Santana, Dennis,R,86.9,93.9,,89.8,,27.4,
Smith, Joe,R,86.9,95.5,,,,78.2,
Herget, Jimmy,R,86.9,92.4,,,,27.6,70.1
Bedrosian, Cam,R,86.9,,,,,42.7,
Sheffield, Jordan,R,86.8,,,93.1,,31.5,
Baumann, Mike,R,86.8,,,,,26.9,
Gutierrez, Vladimir,R,86.8,,,81.8,,46.1,79.4
Stock, Robert,R,86.8,,34.5,90.3,,49.1,
Klobosits, Gabe,R,86.7,,,,,19,
Álvarez, José,L,86.7,94.1,40.8,84.7,,28.8,
Roark, Tanner,R,86.7,96.6,,,,50.1,92.4
Cease, Dylan,R,86.7,,,82.6,,34.3,91.5
Peterson, David,L,86.7,96.3,,94.1,,30.9,
Ryu, Hyun Jin,L,86.6,100,38.2,83.5,,,85.2
Ryan, Joe,R,86.5,,,95.3,,21.4,76.9
May, Dustin,R,86.5,97.6,21.9,,,,68.6
Núñez, Darien,L,86.4,,,79.7,,,
McHugh, Collin,R,86.4,,32.3,,,79.8,86.1
May, Trevor,R,86.3,,,90,,34.8,
Rucker, Michael,R,86.2,,26.6,77.9,,31,85.6
Knight, Dusten,R,86.1,,,77.4,,,75.4
Shoemaker, Matt,R,86.1,91.6,,,,22.9,
Morton, Charlie,R,86.1,93.2,20.6,91.8,,,86.7
Karinchak, James,R,86.1,,,,,,48.6
Garcia, Luis,R,86,,34.3,91.2,,75.1,68.8
Sceroler, Mac,R,86,,,,,24.2,84.4
Hatch, Thomas,R,86,92.7,26.7,52.9,,,
Lorenzen, Michael,R,86,92.3,30.7,85.5,,56.7,
Happ, J.A.,L,85.9,78.7,,90.2,,20.8,40.4
Alzolay, Adbert,R,85.8,92.8,32.6,89.3,,36,34.7
Loáisiga, Jonathan,R,85.8,93.2,,96.5,,44.4,55.6
Flexen, Chris,R,85.8,,37.8,87.7,,,72.5
Kuhl, Chad,R,85.7,94.6,,85.6,,21.8,70.1
Patiño, Luis,R,85.7,78.9,,93.3,,46.3,50.7
Workman, Brandon,R,85.6,,27.6,,,,82.2
Skubal, Tarik,L,85.6,97,,81.2,,19.3,79.5
King, Michael,R,85.6,92,,90.6,,31.6,77.2
Pagán, Emilio,R,85.5,,19.2,,,,
Crochet, Garrett,L,85.5,,,91.5,,62.3,
Brubaker, JT,R,85.5,91.1,,88.5,,13.3,53.3
Chafin, Andrew,L,85.5,94,,,,18.9,
McGowin, Kyle,R,85.4,89.2,,,,43.7,
Garrett, Braxton,L,85.3,86.8,,97.5,,37.5,72.6
Chapman, Aroldis,L,85.3,97.1,,,,62.2,
Sanmartin, Reiver,L,85.3,88,,85.2,,23.8,
Floro, Dylan,R,85.3,94.6,,87.9,,30.3,
Payamps, Joel,R,85.2,91.8,,83.7,,44.9,
Matzek, Tyler,L,85.1,,,,,48.6,78.4
Neris, Héctor,R,85.1,94.7,,,,24.6,
Foley, Jason,R,85.1,93.2,,,,22.7,
Montas, Frankie,R,85.1,96.4,35,,,32.8,
Machado, Andres,R,85.1,94.2,,73.1,,30.3,
Minaya, Juan,R,85.1,,,73.9,,21.7,
Soria, Joakim,R,85,,,70.8,,77.4,100
LeBlanc, Wade,L,85,92.9,46.8,86.5,,,68.2
Gilbert, Tyler,L,84.9,95.2,46.5,,,,72.6
Cisnero, José,R,84.9,95.6,,95.5,,30.6,
Kershaw, Clayton,L,84.8,,,,,39,79.9
Barnes, Jacob,R,84.8,,40.5,81.7,,,
Reid-Foley, Sean,R,84.8,,,73.1,,34.6,
Smith, Burch,R,84.7,,,88.2,,,85.2
Jackson, Jay,R,84.7,,,,,34.6,
Cahill, Trevor,R,84.7,91.4,24.2,78.3,,,68.8
Misiewicz, Anthony,L,84.6,,31.8,,,,64.2
Curtiss, John,R,84.6,,,,,21.9,
Rogers, Trevor,L,84.6,,,84.6,,18.2,
Reyes, Alex,R,84.5,92.9,,85.3,,41.7,100
Farrell, Luke,R,84.5,,,,,23,82.7
Houser, Adrian,R,84.4,90.5,,86.5,,33.3,81.1
Petit, Yusmeiro,R,84.4,,75.2,89,,,50.3
De Jong, Chase,R,84.4,,,83.2,,21.2,72
Kimbrel, Craig,R,84.4,,,,,,59.1
Kaprielian, James,R,84.3,98.2,,62.4,,18.9,48.3
Frankoff, Seth,R,84.3,,,89.6,,32.6,87
Enns, Dietrich,L,84.2,,21.9,,,,
Kelly, Joe,R,84.2,95.8,,93.8,,,62.7
Warren, Art,R,84.2,,,,,32.4,
Underwood Jr., Duane,R,84.1,90.1,,90.2,,,70.9
Velasquez, Vince,R,84.1,86.4,,80.7,,35.3,64
Alvarado, José,L,84.1,99.3,22.8,,,,46
Garrett, Amir,L,84.1,,,,,12.7,
Rodriguez, Jefry,R,84,90.3,,,,,34.1
Boyd, Matthew,L,84,93,,84.3,,25.4,95.2
Hernandez, Elieser,R,83.9,,,90.8,,66,
Graveman, Kendall,R,83.9,94.9,,78.3,,28.9,59.4
Winkler, Dan,R,83.9,84.9,53.2,,,,48.3
Minter, A.J.,L,83.8,,29.6,92,,,
Brentz, Jake,L,83.7,,,97,,26.7,
Andriese, Matt,R,83.7,86.9,17.2,22.4,,,73.8
Effross, Scott,R,83.6,91.3,,85.2,,55.8,
Strasburg, Stephen,R,83.6,92.4,,87.9,,,80.1
Alcantara, Sandy,R,83.6,91.3,,84.4,,17.5,31.8
Cody, Kyle,R,83.5,94.8,,87.2,,44.7,
Sale, Chris,L,83.4,92.7,,92.2,,59.9,
Hearn, Taylor,L,83.4,89.6,,69.4,,35.8,
Ponce, Cody,R,83.3,,37,85.9,,23.7,68.5
Hess, David,R,83.3,,,,,36.4,
Ramirez, Yohan,R,83.3,,,,,69.6,
Newsome, Ljay,R,83.3,,,71.1,,,36.4
Wittgren, Nick,R,83.2,,32.8,68.2,,40.3,
Jones, Nate,R,83.1,87.7,,,,12,
Castillo, Diego,R,83.1,96.7,,,,22.2,
Boxberger, Brad,R,83.1,,,78.5,,41.2,
Smith, Drew,R,83.1,90.2,36,95,,,81
Woodruff, Brandon,R,83,91.6,,82.7,,27.7,66.3
Pomeranz, Drew,L,83,,,,,,73.7
Buehler, Walker,R,83,89.5,45.5,84.6,,64.5,86.1
Alexander, Tyler,L,83,94.4,39.9,86.3,,27.2,
Martin, Corbin,R,82.9,,,74.8,,32.7,56.3
Gil, Luis,R,82.8,,,92.4,,40.6,
Watson, Tony,L,82.8,95.8,,96.4,,18.7,
Kinley, Tyler,R,82.7,,,89.3,,25.9,
Mantiply, Joe,L,82.7,95.1,,93.8,,,43.9
Berríos, José,R,82.7,97,,82.9,,,74.5
Trivino, Lou,R,82.6,97.6,45.6,88.5,,,74.2
Montgomery, Jordan,L,82.5,94.2,35.7,85.8,,,27.8
Manning, Matt,R,82.5,92.1,,90,,32.2,72.1
Beasley, Jeremy,R,82.5,,,69.5,,51.6,
Rodríguez, Joely,L,82.3,97.3,,80.4,,21.2,
Sewald, Paul,R,82.2,,,,,66.2,
Díaz, Yennsy,R,82.1,,,90.6,,19.8,
Fairbanks, Pete,R,82.1,,,,,34.3,
Head, Louis,R,82.1,,,,,59.4,
Allen, Logan,L,82.1,,,89.3,,60.7,78.5
Gallen, Zac,R,82,,51.7,77.2,,39.4,73.5
Holloway, Jordan,R,82,88.1,,,,27.6,75.5
Valdez, César,R,82,89,,62.9,,45.4,
Treinen, Blake,R,82,94.4,35.3,,,63.1,
Davidson, Tucker,L,81.9,,,,,21.8,61.7
Law, Derek,R,81.9,,,,,25.8,60.6
Marshall, Evan,R,81.9,88.2,,92.2,,,65.9
Davis, Austin,L,81.9,,,89.5,,40.1,
Webb, Tyler,L,81.9,96,,86.7,,,47.9
Fulmer, Carson,R,81.8,,25.1,89.5,,,46.8
Lynch, Daniel,L,81.8,93.9,,90.2,,8.6,29.5
Knebel, Corey,R,81.8,,,,,,93.1
Voth, Austin,R,81.8,,33.6,,,,81.2
Murphy, Patrick,R,81.8,91,,,,,79.3
Oswalt, Corey,R,81.8,,,67.6,,34.9,
Rasmussen, Drew,R,81.8,,,93.6,,30.1,65.8
Hanhold, Eric,R,81.7,,,66.5,,43.5,
Morgan, Adam,L,81.7,88.8,,79.1,,33.5,50.1
Bumgarner, Madison,L,81.7,89.9,36.3,83.8,,,52.2
Peralta, Freddy,R,81.7,90.6,,85.9,,67.9,52.9
Brach, Brad,R,81.7,93.8,,82.1,,30.8,
Brault, Steven,L,81.7,88.7,,79.2,,30.9,62.4
Lambert, Peter,R,81.6,,,74,,,95.2
Castillo, Luis,R,81.6,94.2,,87.3,,14.2,
Swarzak, Anthony,R,81.5,,,,,24.3,
García, Edgar,R,81.5,89.1,,73.9,,33.4,
Holland, Greg,R,81.3,,,,,28.2,52.1
Brasier, Ryan,R,81.3,,,,,37.9,
Thompson, Ryan,R,81.2,96.1,28.5,,,76.8,
Wick, Rowan,R,81.2,,52.8,,,60.4,93.9
López, Yoan,R,81.2,,,,,34.1,
Suarez, José,L,81.1,89,,57.6,,,58.5
Sandlin, Nick,R,81.1,84.7,,,,59.1,
Ramírez, Erasmo,R,81.1,79.8,49.9,77.1,,,
Romo, Sergio,R,81.1,90.8,,97.8,,65.4,
Eflin, Zach,R,81.1,92.1,,83.5,,40.9,60.3
Wheeler, Zack,R,81.1,94.7,,94.5,,28.3,73.1
Okert, Steven,L,81,92.3,,,,51.1,
Taillon, Jameson,R,80.9,92.6,39,91,,34.8,76.6
Menez, Conner,L,80.9,,,,,29.7,
Funkhouser, Kyle,R,80.9,88.2,,79.5,,21.1,
Claudio, Alex,L,80.8,91.6,,90,,34,
Soto, Gregory,L,80.8,92.8,,,,21.8,
Corbin, Patrick,L,80.7,91.1,,83.4,,20,28.4
Maeda, Kenta,R,80.7,86.2,,,,34.2,79.3
Romero, JoJo,L,80.7,90.4,,90.3,,30.9,
Bukauskas, J.B.,R,80.7,,,90.6,,17.6,
Naughton, Packy,L,80.6,92.3,,86.9,,24,
Yang, Hyeon-Jong,L,80.6,,,84.1,,27.8,75.8
Watkins, Spenser,R,80.6,,40.1,82.3,,,45.3
Davis, Wade,R,80.6,74.3,33.9,,,,68.4
Ober, Bailey,R,80.5,,,90.9,,44.8,79.8
Familia, Jeurys,R,80.3,82.2,,,,16.4,
Germán, Domingo,R,80.3,88.3,,87.9,,,26.1
Perdomo, Angel,L,80.2,,,86.2,,49.2,
Guenther, Sean,L,80,,,100,,55.2,
Hendrix, Ryan,R,80,,,,,20.1,
Hendricks, Kyle,R,80,83.9,,79.9,,,85.2
Ureña, José,R,79.9,85.9,,89,,28.7,
Dugger, Robert,R,79.8,91.6,,,,25.4,60.9
Blackburn, Paul,R,79.7,80.8,32.1,75.4,,,80.5
Campbell, Paul,R,79.7,,,86.7,,42.2,70.6
Young, Alex,L,79.7,72.4,38.3,78.8,,,16.9
Martin, Chris,R,79.7,93.5,26.5,,,63.4,
Newcomb, Sean,L,79.6,,25.4,,,,91.5
Wantz, Andrew,R,79.6,,33.3,72.9,,33.7,
Sanchez, Aaron,R,79.6,91.8,,82.4,,,85
Lindblom, Josh,R,79.6,,42.9,87,,77.6,95
Quintana, José,L,79.6,94.8,,82.1,,,60.5
Urías, Julio,L,79.5,83.1,,82.6,,,70.8
Bubic, Kris,L,79.5,,,77.6,,,83.4
Norris, Daniel,L,79.4,,,78.6,,26.3,
Poteet, Cody,R,79.3,,,77.5,,33.6,70.8
Castro, Kervin,R,79.3,,,,,,78.3
Chargois, JT,R,79.3,97,,,,14.1,
Yajure, Miguel,R,79.2,,36.7,71.8,,64.8,87.7
Sandoval, Patrick,L,79.2,91.2,,87.5,,35.2,70.6
Civale, Aaron,R,79.2,83.7,35.5,,,42.3,84.6
Garza Jr., Ralph,R,79.2,81.4,53.1,92.9,,77.8,
Rogers, Tyler,R,79.1,59.5,,,,76.8,
Phillips, Evan,R,79,,,33.9,,71.8,
Diplán, Marcos,R,79,,,60.4,,,52.6
Megill, Trevor,R,79,,,,,32,60.6
Stephan, Trevor,R,79,,,,,48.7,
Price, David,L,78.9,90.8,38.2,84.4,,,54.6
Nelson, Kyle,L,78.9,,40.6,,,51.1,
Otto, Glenn,R,78.7,,,93.6,,71,64.5
Thornton, Trent,R,78.7,,41.4,82.1,,36.8,76.8
Helsley, Ryan,R,78.7,,28.3,80.1,,,61.9
Bickford, Phil,R,78.6,,,,,31.5,
Lamet, Dinelson,R,78.4,92.6,,,,23,
Barraclough, Kyle,R,78.4,,,,,81.1,
Kelly, Merrill,R,78.4,85.6,58,83.4,,,68
Gibson, Kyle,R,78.4,81.9,34.1,81.3,,30.1,56
Mills, Alec,R,78.3,86.7,,80.5,,77.8,79.7
Morimando, Shawn,L,78.3,,39.7,,,,71.6
Duffey, Tyler,R,78.2,84.9,,,,,60.1
Barría, Jaime,R,78.1,93.3,,94.8,,30.3,
Gsellman, Robert,R,78,96.8,,91.3,,29.2,
Montero, Rafael,R,77.9,86,,81.9,,36.9,
Widener, Taylor,R,77.9,,,93.3,,27.2,
Keller, Mitch,R,77.9,,,89.9,,18.6,84.2
White, Mitch,R,77.9,,,,,40.8,76.1
Coleman, Dylan,R,77.7,,,,,43.4,
Puk, A.J.,L,77.6,91.2,,,,22.4,
Gustave, Jandel,R,77.6,88.5,,,,43.8,
Jewell, Jake,R,77.3,87.5,,77.8,,21.1,
Glasnow, Tyler,R,77.2,,,80,,29.2,84
Wilson, Bryse,R,77.2,90.4,,81.3,,29.2,80.9
Garza, Justin,R,77.2,85.7,32.4,90.5,,32.5,
Adam, Jason,R,77.2,,,86.1,,39.6,77.1
Miley, Wade,L,77.2,88.9,33.7,82,,57.2,69.9
Burr, Ryan,R,77.1,,28.2,,,66.4,
Speier, Gabe,L,77.1,94.4,,,,25.1,
Zimmermann, Bruce,L,77,,,92.9,,11.2,36.6
Pérez, Cionel,L,76.9,,,93.1,,67.8,
Fulmer, Michael,R,76.9,90.5,,72.7,,36.6,80.5
Knehr, Reiss,R,76.9,,25.1,88,,32.3,
Hutchison, Drew,R,76.9,80.5,,87.1,,29,
Parker, Blake,R,76.6,,47.2,,,,57.7
Leone, Dominic,R,76.6,,28.3,,,35.5,
Hentges, Sam,L,76.6,73.2,,,,22.6,81
Sherfy, Jimmie,R,76.5,,,,,48.6,
Carrasco, Carlos,R,76.4,84.4,,53.3,,26,56.5
Cessa, Luis,R,76.4,89,,77.3,,27.6,
Peters, Dillon,L,76.4,86.2,,81.8,,,76.4
Quijada, José,L,76.4,,,93,,54.7,
Bassitt, Chris,R,76.2,94.3,41.4,95.5,,70.5,92.1
Hale, David,R,76.2,93.8,,79.1,,,26.9
Crowe, Wil,R,76.1,82.4,,58.4,,32.3,71.4
Miller, Justin,R,75.9,88.2,,,,43.9,
Moran, Jovani,L,75.9,,,79.4,,,
Tice, Ty,R,75.9,,,,,34.5,66.9
Nelson, Jimmy,R,75.8,,,,,61.7,83.4
Thompson, Keegan,R,75.7,,32.4,92.2,,,73.8
Pineda, Michael,R,75.6,,,94,,12.7,
Muller, Kyle,L,75.6,,,,,15.1,61.2
Rodriguez, Eduardo,L,75.5,85.6,37.7,89.3,,31.3,
Martin, Brett,L,75.5,91.7,,,,27.8,33
Saucedo, Tayler,L,75.3,73.5,,95.6,,20.7,65.6
Llovera, Mauricio,R,75.2,,,,,78.5,
Wright Jr., Mike,R,75.1,86.1,,89.3,,24.3,
Chacín, Jhoulys,R,75,82.6,,56.8,,33.1,61.9
Waddell, Brandon,L,74.8,,,,,25.7,
Manoah, Alek,R,74.7,82.2,,74.3,,73.7,
Lakins Sr., Travis,R,74.7,,42.1,82.6,,,78.9
Kay, Anthony,L,74.7,,21,74,,41.6,65.7
Taylor, Josh,L,74.6,83.4,,,,31.3,40.9
Vincent, Nick,R,74.6,,40.9,,,,
Tyler, Kyle,R,74.2,,,,,16.5,
Slegers, Aaron,R,74,81.7,,75.1,,17.8,
Ohtani, Shohei,R,73.9,,24.5,,,74.4,87.4
Ortega, Oliver,R,73.7,,,,,,46.4
Pressly, Ryan,R,73.7,,,,,25.9,86.5
Sánchez, Miguel,R,73.5,,,63.5,,28.8,
Gilbreath, Lucas,L,73.3,,,,,43.7,
Junk, Janson,R,73.1,,,,,71,84.2
Ross, Joe,R,73,86.7,,86.1,,21.3,
Armstrong, Shawn,R,73,,37.7,,,54.4,
Greinke, Zack,R,73,79,,73.3,,39.1,75
Lynn, Lance,R,72.9,69.8,24.8,79.7,,,44.4
Flaherty, Jack,R,72.7,70.7,,69.2,,38.6,85.1
Martínez, Carlos,R,72.7,86.1,42.8,80.5,,58.8,
López, Pablo,R,72.1,88.2,41.1,89.9,,,65.7
Cleavinger, Garrett,L,72.1,,,,,54.8,
Burdi, Zack,R,72.1,,,92.8,,29,
Raley, Brooks,L,71.9,82.1,33.3,84.7,,72.7,73.4
Coulombe, Danny,L,71.8,78,,,,26.9,92.2
Givens, Mychal,R,71.8,,,51.4,,31.8,
Singer, Brady,R,71.7,89.7,,94.3,,21.7,
Selman, Sam,L,71.7,,,,,54,
Kim, Kwang Hyun,L,71.6,,,86.6,,30.9,60.4
Stratton, Chris,R,71.5,,,69.3,,38.9,79.7
Taylor, Blake,L,71.2,,,,,38.7,
Miller, Andrew,L,71,87.1,,,,60.7,
Bielak, Brandon,R,70.9,80.8,36,92.9,,47.7,85.8
Zimmer, Kyle,R,70.8,,,82.1,,15.1,78
Scott, Tanner,L,70.6,82,,,,30.4,
Biddle, Jesse,L,70.4,,,,,63.2,89.1
Ashby, Aaron,L,70.4,80,,75.3,,52.8,84
Barlow, Scott,R,70.3,,,,,38.8,84.3
Kluber, Corey,R,70.3,84.5,34.4,77.3,,,75.6
Lester, Jon,L,70.2,67,45,63.7,,,57.1
Melancon, Mark,R,70.2,,46.5,,,,74.9
Suárez, Ranger,L,70,93.1,,92.7,,29.6,
Burnes, Corbin,R,70,77.7,51.5,82.8,,37.5,65.1
Crick, Kyle,R,69.9,,,,,89.3,
Woodford, Jake,R,69.9,79.7,,86.4,,57.6,96.6
Chatwood, Tyler,R,69.8,84.6,25,67.5,,,77.4
Keuchel, Dallas,L,69.8,77.6,34.2,81.3,,34,
Wright, Kyle,R,69.7,75.6,,,,23.6,69.5
Crismatt, Nabil,R,69.6,85,,78.2,,,95.9
Almonte, Yency,R,69.6,80.7,,84.9,,43,
Freeland, Kyle,L,69.4,70.1,,78.8,,23.7,61.3
Ottavino, Adam,R,69.2,79.4,32.8,,,81.9,81.7
Santana, Ervin,R,68.8,,,78.2,,24.2,
Steele, Justin,L,68.7,75.3,,78.5,,60.1,72.7
Márquez, Germán,R,68.7,83.3,,77.7,,14.6,31.6
Gray, Sonny,R,68.6,77.1,35.5,79,,85.2,92.8
Lovelady, Richard,L,68.6,76.1,,,,35.8,
Junis, Jakob,R,68.2,85.7,35.9,68.4,,58.8,
O'Day, Darren,R,67.8,,,,,36.6,
Ramirez, Noé,R,67.8,,,70.7,,,59.3
Edwards Jr., Carl,R,67.7,,,,,,69.9
Medina, Adonis,R,67.7,86.7,,89.5,,25.7,
Nance, Tommy,R,67.6,83.6,,,,35.7,77.9
Bard, Daniel,R,67.6,79.7,,89.2,,46,
Shaw, Bryan,R,67.6,,36,56.4,,67.5,83.7
Camarena, Daniel,L,67.4,92.8,,,,20.8,
Cishek, Steve,R,67,86.6,,,,78.6,
Rodríguez, Manuel,R,67,80.2,,,,33.5,
Paredes, Enoli,R,66.8,,,,,53.3,
Thompson, Zach,R,66.7,64.3,26.6,76.4,,,57.6
Wainwright, Adam,R,66.2,82.9,39.9,82.1,,,100
Toussaint, Touki,R,66.2,79,,,,,82.1
Feltner, Ryan,R,66.1,,,,,44.2,
Guduan, Reymin,L,65.6,,,,,27.9,
Wendelken, J.B.,R,65.5,88.7,,88.8,,41.7,
Webb, Logan,R,65.2,82.1,29.7,64.8,,51,
Mikolas, Miles,R,64.9,83.3,,82.3,,23.9,88.1
Schmidt, Clarke,R,64.8,71.5,,,,36.4,85.5
Strickland, Hunter,R,64.6,78.2,,87.7,,45.9,
Rosso, Ramón,R,64,,,,,35.7,
Minor, Mike,L,63.7,,,94.4,,26.3,71.4
Madero, Luís,R,63.7,,,88.1,,65.4,
Keller, Brad,R,63.6,68.9,,76.7,,38,
Garcia, Yimi,R,63.5,84.9,,92.4,,29.5,51.5
Hernandez, Darwinzon,L,63.5,,,,,33.5,78.3
Castellanos, Humberto,R,62.8,85.2,,89.9,,40,57.1
Senzatela, Antonio,R,62.6,80.4,,55.8,,29.5,53.7
Fry, Paul,L,62.4,,,,,62.4,
Pruitt, Austin,R,62.2,,,,,24,61.2
Oviedo, Johan,R,61.6,,,86.1,,29.9,61.8
Williams, Taylor,R,61.3,80.3,,,,10.6,
Castano, Daniel,L,60.4,65.7,,62.4,,28.1,
Fried, Max,L,60.1,74.9,,77,,41.7,84.9
Williams, Trevor,R,59.9,72.2,,75.9,,32.5,51.6
Cimber, Adam,R,59.5,80.1,,,,32.7,
Maton, Phil,R,58.6,,32.1,,,75,92.5
Stroman, Marcus,R,58.5,51.6,24.8,,,51.9,69.6
Anderson, Shaun,R,58.5,,,,,32.2,
Musgrove, Joe,R,58.5,57,33.6,50.1,,63,81.8
Eshelman, Thomas,R,58,75.5,,87.3,,41,54.3
Ryan, Kyle,L,57.7,62.5,35.4,,,,35.2
Castro, Anthony,R,57,,,,,57.7,
Adams, Austin,R,57,,,,,45.9,
González, Chi Chi,R,56.5,67.5,24.1,75,,21.1,31.5
Mejía, J.C.,R,55.8,75.9,,73.5,,44.8,83.7
Kittredge, Andrew,R,55.5,88.6,,,,36.1,
Suter, Brent,L,55.4,73.5,,86.5,,,38
Turnbull, Spencer,R,54.2,88.6,45.1,96.9,,36.1,81
Valdez, Framber,L,51,68.6,,77.7,,,92.9
Harper, Ryne,R,50.5,,,,,51.2,76.8
Houck, Tanner,R,49.2,78.1,,,,60.3,
Fedde, Erick,R,47.1,72,33.7,84.6,,,69.2
Maples, Dillon,R,46.9,61.6,,,,65.5,89.7
Hartlieb, Geoff,R,40.5,60.1,,,,61.8,
Richards, Garrett,R,37.1,,,89.9,,22,98.5